QID-DocID,TF-IDF,Okapi TF,BM25,Laplace,Jelinek-Mercer,Label
1-184,2.969033,2.350156,11.935621,-88.914921,-52.786743,2
1-29,1.438742,1.586698,6.084756,-90.169034,-56.566546,2
1-31,0.001,0.001,0.001,-36.02799779183261,-42.4164269917391,2
1-12,3.038801,2.956128,11.74194,-87.70363,-52.804923,3
1-51,3.629146,3.592406,15.641498,-84.775522,-52.293974,3
1-102,1.16252,1.481224,4.67707,-91.061175,-56.207967,3
1-13,2.075956,2.096246,8.742124,-89.256903,-54.719907,4
1-14,1.694168,1.418722,6.702689,-90.129101,-55.53715,4
1-15,0.001,0.001,0.001,-36.02799779183261,-42.4164269917391,4
1-57,0.672991,0.694702,2.992244,-92.51547,-56.95291,2
1-378,1.326033,1.90022,4.976487,-90.385036,-56.186967,2
1-859,0.782352,0.842976,2.963197,-92.167732,-56.879778,2
1-185,0.404656,0.611936,1.869687,-92.756153,-57.75989,3
1-30,0.602641,0.772216,1.757337,-92.768053,-57.539684,3
1-37,0.439801,0.665084,1.890705,-92.651941,-57.66449,3
1-52,0.867591,1.217311,3.692344,-91.317735,-57.035881,4
1-142,1.099055,1.595985,3.887383,-90.938268,-56.791771,4
1-195,1.317555,1.456633,4.320789,-91.10419,-56.694197,4
1-875,1.922242,1.38358,6.632459,-91.778533,-53.463005,2
1-56,1.670613,1.39995,7.657065,-90.508603,-55.213479,3
1-66,0.466944,0.706131,2.065369,-92.486314,-57.604661,3
1-95,0.859583,1.101458,3.169897,-91.967662,-57.177489,3
1-462,0.328333,0.365002,0.968273,-93.499095,-57.722774,4
1-497,1.194375,1.222963,4.888897,-91.461606,-56.532589,3
1-858,0.661829,0.453139,2.562583,-93.262559,-56.640429,3
1-876,1.72149,2.282553,7.100613,-88.795349,-55.997751,3
1-879,2.034046,2.05571,6.813124,-90.568128,-52.986874,3
1-880,0.880381,1.090127,2.892251,-92.256634,-56.838578,3
1-486,3.426,0,0,0,0,-1
2-12,4.614499,4.441271,18.579934,-58.463503,-30.202344,1
2-15,0.230888,0.362798,0.681708,-67.813358,-38.031233,2
2-184,2.143451,1.395428,8.022843,-65.522986,-34.323377,2
2-858,0.326593,0.292941,1.001852,-67.933159,-37.898826,2
2-51,2.611489,2.486189,11.031918,-61.936679,-34.276689,3
2-102,0.695228,0.623593,2.475834,-67.306411,-37.098969,3
2-202,1.438534,1.037344,5.5291,-65.766386,-35.906622,3
2-14,2.000256,1.861863,8.034507,-62.91732,-35.453319,4
2-52,0.867591,1.217311,3.692344,-65.59588,-37.221029,4
2-380,0.261508,0.383643,0.763571,-67.785809,-38.004961,4
2-746,3.077712,3.032222,12.429725,-61.809471,-33.038866,1
2-859,0.28923,0.259429,0.904139,-68.012538,-37.952238,2
2-948,0.712063,0.617488,2.16523,-67.208341,-37.423863,2
2-285,0.850247,1.20828,2.962188,-66.305441,-36.77848,3
2-390,0.971262,0.772216,2.832257,-67.089594,-36.211602,3
2-391,1.044542,1.504162,3.650299,-65.583983,-37.057748,3
2-442,0.369225,0.541667,1.563014,-67.262558,-37.888309,4
2-497,1.545084,1.288745,6.461624,-65.538227,-35.901125,3
2-643,0.001,0.001,0.001,-63.048996135707064,-74.22874723554344,3
2-856,0.30365,0.272362,0.942287,-67.979684,-37.932367,3
2-857,0.001,0.001,0.001,-63.048996135707064,-74.22874723554344,3
2-877,0.001,0.001,0.001,-63.048996135707064,-74.22874723554344,3
2-864,0.325094,0.510826,0.889196,-67.66532,-37.764065,3
2-658,1.558661,1.893149,5.782463,-63.621565,-36.724035,3
2-486,1.612212,0,0,0,0,-1
4-236,0.001,0.001,0.001,0,0,3
4-166,0.497592,0.619079,1.512406,-58.632689,-36.068791,3
4-488,0.001,0,0,0,0,-1
8-48,0.50969,1.131833,1.790843,-151.606537,-94.977826,1
8-122,1.752699,2.214813,6.45812,-148.840806,-93.211334,1
8-20,1.38571,1.691734,4.888972,-150.635012,-93.662593,3
8-58,1.665153,2.020442,5.167252,-149.77018,-92.967751,3
8-196,0.519602,1.144113,2.071668,-151.571984,-94.986123,3
8-354,0.286891,0.001,0.845554,0,-95.263556,1
8-360,0.43571,1.039164,1.543263,-151.867964,-95.102739,1
8-197,0.301684,0.635483,1.044987,-152.896349,0,3
8-999,0.630102,0.804099,2.983513,-152.03233,-94.414158,3
8-1112,0.457948,0.984822,1.550937,-152.07394,-95.125809,3
8-1005,0.577119,0.764845,1.686208,-152.694805,-94.863388,1
8-492,0.001,0,0,0,0,-1
9-21,0.001,0.001,0.001,0,0,2
9-22,0.001,0.001,0.001,0,0,2
9-550,0.001,0.001,0.001,0,0,2
9-534,0.001,0,0,0,0,-1
10-259,0.142902,0.505556,0.538851,-58.876592,-35.234004,2
10-405,0.001,0.001,0.001,0,0,2
10-302,0.001,0.001,0.001,0,0,3
10-436,0.001,0.001,0.001,0,0,3
10-437,0.001,0.001,0.001,0,0,3
10-438,0.001,0.001,0.001,0,0,3
10-998,0.232372,0.822082,1.052916,-57.741955,-34.953303,3
10-1011,0.001,0.001,0.001,0,0,3
10-493,0.001,0,0,0,0,-1
12-86,0.001,0.001,0.001,0,0,2
12-194,0.712571,1.409053,2.774712,-108.435018,-62.620234,2
12-650,0.959181,1.434901,2.66668,-109.043471,-62.532863,2
12-649,0.703741,0.783623,2.771779,-109.545483,-62.814583,4
12-652,0.69026,1.390375,2.717682,-108.418222,-62.834071,2
12-624,1.436558,0,0,0,0,-1
13-64,0.833322,1.492953,3.082013,-91.039379,-47.136882,2
13-265,0.525885,0.001,1.501923,0,-46.778163,2
13-65,0.001,0.001,0.001,0,0,4
13-311,0.992304,1.699021,4.1505,-90.173275,-46.820178,4
13-496,0.628052,0,0,0,0,-1
15-463,0.267346,0.404291,0.772153,-59.204442,-30.312511,1
15-462,0.308123,0.365002,0.908673,-59.24737,-30.035225,3
15-497,0.828953,0,0,0,0,-1
18-196,0.001,0.001,0.001,0,0,2
18-197,0.443396,0.659034,2.07079,-83.991928,-52.551721,2
18-198,0.616569,0.638899,2.166184,-84.140519,-52.178119,2
18-498,0.362893,0,0,0,0,-1
22-68,0.696595,0.956054,2.267897,-92.352038,-53.007792,1
22-502,0.001,0,0,0,0,-1
23-900,0.221744,0.784483,0.94717,-75.198641,-40.987222,1
23-902,0.434109,0.936214,1.608526,-74.756864,-40.97521,1
23-200,0.341346,0.542036,1.264144,-75.957444,-40.934172,2
23-201,0.468703,1.314187,2.056662,-73.823149,-40.77768,2
23-601,0.564099,1.346011,2.235482,-73.678465,-40.881553,2
23-899,0.900613,1.589493,3.658417,-73.437483,-40.321014,3
23-903,0.353425,0.866498,1.322878,-74.961081,-41.03233,3
23-593,0.654554,1.377293,2.551415,-73.975597,-40.706476,3
23-199,0.001,0.429796,0.001,-76.067133,0,4
23-594,0.196974,0.474524,0.001,-76.24159,-41.102848,4
23-901,0.180177,0.637425,0.728559,-75.673205,-41.162236,2
23-544,0.556616,1.085452,1.811663,-74.924821,-40.732852,2
23-597,0.346608,1.026029,1.115996,-75.191702,-41.006148,2
23-749,1.562981,2.587202,6.123706,-71.115729,-39.205651,3
23-917,1.352466,2.237782,5.31799,-70.551838,-39.973961,3
23-919,0.925171,1.775591,3.208903,-73.244907,-40.509153,3
23-1333,1.154398,1.511357,4.961442,-73.172686,-39.953733,4
23-634,1.033914,1.828251,3.717245,-73.222649,-40.30403,2
23-687,0.665009,0.873202,1.888643,-75.586749,-40.213193,2
23-698,0.72476,1.009878,2.715778,-74.808392,-40.481416,2
23-1290,0.386241,0.613326,1.701115,-75.617143,-40.87894,3
23-700,0.001,0.001,0.001,0,0,2
23-704,1.948096,1.905509,8.51164,-71.639681,-38.388296,2
23-705,0.71698,1.176984,2.440782,-74.234226,-40.48473,2
23-1109,0.001,0.001,0.001,0,0,2
23-1112,0.961636,1.611175,3.659205,-73.610955,-40.262239,2
23-1141,0.45012,0.930675,1.259661,-75.557163,-40.730308,2
23-1197,0.607692,0.681102,2.59328,-75.484412,-40.48781,2
23-1256,0.201158,0.711653,0.786099,-75.571098,-41.066188,2
23-1259,0.850922,1.664022,2.797681,-73.432358,-40.558077,2
23-1272,0.770222,1.262379,3.000125,-74.515893,-40.285111,2
23-1289,1.631067,2.27884,6.366556,-71.084184,-38.93482,2
23-892,0.796745,0,0,0,0,-1
26-145,0.001,0.001,0.001,0,0,1
26-611,0.001,0.001,0.001,0,0,1
26-376,0.001,0.001,0.001,0,0,2
26-406,0.001,0.001,0.001,0,0,2
26-565,0.001,0.001,0.001,0,0,2
26-1076,0.001,0.001,0.001,0,0,2
26-511,0.001,0,0,0,0,-1
27-224,0.001,0.001,0.001,0,0,2
27-278,0.001,0.001,0.001,0,0,3
27-428,0.26571,0.322843,0.801716,-42.162418,-22.394209,3
27-512,0.001,0,0,0,0,-1
29-250,0.001,0.001,0.001,0,0,2
29-514,0.001,0.001,0.001,0,0,2
29-609,0.501579,0.454773,1.411255,-24.958156,-19.661739,2
29-225,0.001,0.001,0.001,0,0,3
29-793,0.001,0.001,0.001,0,0,3
29-464,0.001,0.001,0.001,0,0,4
29-465,0.001,0.001,0.001,0,0,4
29-612,0.001,0.001,0.001,0,0,2
29-466,0.304535,0.276117,0.943036,-25.055796,-20.161017,4
29-513,0.001,0,0,0,0,-1
31-776,0.001,0.001,0.001,0,0,4
31-751,0.200367,0,0,0,0,-1
32-465,0.432541,0.969252,1.374747,-92.341478,-46.615374,2
32-249,0.001,0.001,0.001,0,0,3
32-777,0.426213,0.669716,1.828378,-92.641493,-46.356868,3
32-778,0.303188,0.476405,0.843721,-93.336066,-46.533769,3
32-247,0.905965,1.600788,3.743596,-90.458882,-46.050535,4
32-250,0.001,0.001,0.001,0,0,4
32-752,0.001,0,0,0,0,-1
33-252,0.442641,0.793705,1.379673,-66.61282,-32.526816,3
33-431,0.621177,1.199895,2.536778,-65.672466,-32.241954,3
33-141,0.172939,0.427288,0.493526,-67.736597,-32.621685,4
33-516,0.001,0,0,0,0,-1
34-252,0.695016,1.447025,2.779169,-116.117113,-75.82863,1
34-431,0.245901,0.592393,1.01572,-118.598672,-76.50948,3
34-672,0.300144,0.72307,1.166902,-118.303529,-76.237843,3
34-714,1.657648,1.944096,5.546756,-115.98306,-73.992094,3
34-799,0.61379,1.310505,2.41709,-116.496429,-75.997955,3
34-800,0.142428,0.001,0.425015,0,0,3
34-516,1.027277,0,0,0,0,-1
35-166,1.351826,2.043356,4.579225,-115.250475,-71.641974,1
35-167,0.526422,1.162115,1.871217,-117.212524,-72.469398,1
35-132,1.196745,1.39293,4.378654,-116.160247,-71.736895,3
35-517,0.304646,0,0,0,0,-1
39-272,0.495299,0.647846,2.130649,-75.326999,-43.646616,1
39-555,0.001,0.001,0.001,0,0,1
39-24,1.234659,1.342814,4.576007,-73.710377,-42.789804,2
39-283,0.865649,1.053714,3.482616,-74.675554,-43.122309,2
39-552,1.418445,1.785618,5.54362,-72.810707,-42.540862,2
39-79,0.519175,0.667191,1.557301,-75.733233,-43.566623,3
39-207,0.001,0.001,0.001,0,0,3
39-418,0.001,0.001,0.001,0,0,3
39-557,0.295222,0.365002,0.870627,-76.373233,-43.74488,4
39-554,0.740653,0.706405,2.198137,-75.69898,-43.144101,2
39-556,0.001,0.001,0.001,0,0,2
39-505,0.001,0.001,0.001,0,0,3
39-1257,0.424068,0.524302,1.584257,-75.98323,-43.516089,3
39-536,0.888078,0,0,0,0,-1
40-24,0.001,0.001,0.001,0,0,2
40-283,0.224356,0.312761,0.680706,-76.467313,-49.200276,2
40-552,0.487627,0.679772,2.182931,-75.400974,-48.820221,2
40-272,0.001,0.001,0.001,0,0,3
40-85,0.176209,0.245643,0.555183,-76.644235,-49.245232,3
40-976,0.872042,0.936993,4.045997,-74.293621,-48.434233,3
40-557,0.26183,0.365002,0.772152,-76.373233,-49.153627,4
40-558,0.7946,0.805543,3.559957,-74.976615,-48.130371,4
40-553,0.575831,0.583762,2.388386,-75.762246,-48.790384,2
40-554,0.514933,0.522025,1.925883,-75.986662,-48.869031,2
40-555,0.588211,0.596312,2.425129,-75.740068,-48.760995,2
40-556,0.001,0.001,0.001,0,0,2
40-536,0.480204,0,0,0,0,-1
41-288,0.001,0.001,0.001,0,0,1
41-289,0.536198,0.688285,1.978554,-41.13717,-26.197556,1
41-433,0.117656,0.195976,0.381555,-42.385707,-26.587979,2
41-520,0.001,0,0,0,0,-1
49-320,0.001,0.001,0.001,0,0,3
49-478,0.001,0.001,0.001,0,0,4
49-527,0.001,0,0,0,0,-1
50-326,0.773621,1.20828,2.378275,-91.949772,-57.587365,2
50-629,0.214465,0.758731,0.926522,-92.362588,-58.52979,2
50-21,0.1839,0.650598,0.646677,-92.9242,-58.589556,4
50-94,0.178851,0.632738,0.882353,-92.705072,-58.680209,4
50-22,0.195,0.689867,0.769616,-92.706724,-58.586701,4
50-306,1.059652,1.619981,3.979178,-90.37973,-57.551986,4
50-528,0.098965,0,0,0,0,-1
51-94,1.654442,2.879369,7.497976,-93.367008,-47.238418,1
51-23,2.210922,3.719592,8.874197,-94.262067,-46.129201,2
51-105,1.137656,2.305175,4.529168,-97.322796,-47.352751,2
51-381,2.08442,3.199888,7.602065,-94.54185,-46.548516,2
51-192,1.501135,2.715372,6.738975,-95.713455,-46.617608,3
51-326,2.117056,3.678027,8.183019,-95.487247,-45.043235,4
51-63,0.725884,1.7464,2.808509,-98.962259,-47.818105,4
51-494,0.573534,1.404582,2.438334,-99.326064,-47.581016,2
51-629,3.001906,4.548739,10.789712,-93.061889,-44.879825,2
51-261,1.509642,2.731074,5.793871,-96.638568,-47.022744,4
51-528,1.496994,0,0,0,0,-1
52-21,0.001,0.001,0.001,0,0,2
52-22,0.001,0.001,0.001,0,0,2
52-306,0.001,0.001,0.001,0,0,2
52-326,0.001,0.001,0.001,0,0,4
52-528,0.001,0,0,0,0,-1
53-296,0.424287,0.525867,1.810112,-50.122817,-24.432439,3
53-33,0.207969,0.25776,0.65073,-50.839469,-24.787681,3
53-446,0.340461,0.365002,1.004039,-50.684439,-24.566262,4
53-447,0.001,0.001,0.001,0,0,4
53-448,0.32849,0.352168,0.975448,-50.69818,-24.5928,4
53-449,0.390235,0.418364,1.118815,-50.636098,-24.437059,4
53-208,0.001,0.001,0.001,0,0,4
53-297,0.253045,0.519767,0.947461,-50.293858,-24.769143,4
53-298,0.001,0.001,0.001,0,0,4
53-299,0.001,0.001,0.001,0,0,4
53-531,0.001,0,0,0,0,-1
54-84,0.528178,1.089156,1.92822,-91.513823,-46.832923,2
54-24,0.409391,0.778286,1.279761,-92.390876,-47.058714,3
54-101,0.721461,0.687733,2.294665,-92.515171,-46.596727,3
54-294,0.364352,0.755468,1.310822,-92.417483,-47.078141,3
54-628,0.188097,0.453139,0.728306,-93.262559,0,4
54-661,0.548564,1.20732,1.915078,-91.367508,-46.980741,4
54-364,0.599654,0.902909,2.310077,-91.803077,-47.00646,3
54-365,0.417576,0.789255,1.37364,-92.51547,-47.079958,3
54-560,0.550419,1.105527,1.95594,-91.557382,-46.995356,3
54-123,0.939843,0,0,0,0,-1
55-16,0.101934,0.360621,0.301318,-50.689023,-27.752966,2
55-375,0.216726,0.766731,1.020798,-49.21101,-27.56022,2
55-460,0.113895,0.402936,0.329187,-50.648797,-27.737774,2
55-378,0.172683,0.610914,0.618648,-50.214433,-27.641245,3
55-255,0.001,0.001,0.001,0,0,3
55-271,0.001,0.001,0.001,0,0,3
55-376,0.16716,0.591376,0.604457,-50.229478,-27.660045,4
55-377,0.192522,0.681102,0.821574,-49.786462,-27.622102,4
55-562,0.173808,0.614895,0.764932,-49.872697,-27.676517,2
55-502,0.001,0.001,0.001,0,0,3
55-538,0.370761,0,0,0,0,-1
56-380,0.859094,1.534572,2.508445,-142.745192,-81.717471,2
56-749,2.491385,3.276821,10.111695,-138.13342,-78.827592,3
56-1339,2.316197,3.15826,8.680921,-138.015436,-79.847461,3
56-14,1.063462,1.490391,4.048204,-141.556929,-81.432337,4
56-705,1.594204,2.317399,6.366796,-139.992707,-80.558011,4
56-779,1.277922,2.186422,4.217557,-140.412857,-81.284797,4
56-780,1.428082,1.496494,6.119717,-141.972204,-80.024236,4
56-379,0.511401,1.471191,2.208713,-141.811603,-81.663832,4
56-643,0.516068,1.023029,1.820847,-143.454621,-81.798061,4
56-686,1.26349,1.876064,4.525297,-141.206245,-81.428533,4
56-753,0.540239,0,0,0,0,-1
57-380,0.001,0.001,0.001,0,0,2
57-593,0.996359,1.602513,3.980911,-64.486679,-34.60499,3
57-746,0.421483,0.362798,1.244448,-67.813358,-35.469178,3
57-914,0.001,0.001,0.001,0,0,3
57-14,1.056397,1.566225,4.796184,-63.857328,-35.058834,4
57-379,0.658319,1.069033,1.950475,-66.436226,-35.484678,4
57-705,0.428575,0.541667,1.81426,-67.262558,-35.70336,4
57-779,0.624807,0.789681,2.913391,-66.32071,-35.332882,4
57-780,1.188917,1.420568,5.006631,-65.264678,-34.381567,4
57-704,0.601305,0.908202,2.362961,-66.045566,-35.622739,4
57-12,0.001,0.001,0.001,0,0,4
57-15,0.479774,0.895229,1.649484,-66.714746,-35.428307,4
57-857,0.397274,0.547205,1.231961,-67.283543,-35.580613,4
57-859,0.515067,0.583548,2.300923,-67.096248,-35.27396,4
57-753,0.415529,0,0,0,0,-1
58-788,0.001,0.001,0.001,0,0,2
58-785,0.206584,0.001,0.616133,0,-70.07281,3
58-786,0.001,0.001,0.001,0,0,3
58-787,0.001,0.001,0.001,0,0,3
58-23,0.603324,0.700232,1.793554,-127.097741,-69.547983,4
58-381,0.611334,0.982935,2.15991,-126.262616,-69.605188,4
58-382,0.301552,0.502287,0.828321,-127.490647,-69.740053,4
58-784,0.440541,0.784016,1.502206,-126.817513,-69.78509,4
58-789,0.001,0.408412,0.001,-127.650176,0,4
58-754,0.001,0,0,0,0,-1
59-788,0.116761,0.281286,0.360519,-59.377225,-34.049499,2
59-785,0.001,0.001,0.001,0,0,3
59-786,0.001,0.001,0.001,0,0,3
59-787,0.001,0.001,0.001,0,0,3
59-754,0.13886,0,0,0,0,-1
61-565,0.001,0.001,0.001,0,0,2
61-566,0.001,0.001,0.001,0,0,2
61-564,0.001,0.001,0.001,0,0,3
61-1159,0.001,0.001,0.001,0,0,3
61-661,0.001,0.001,0.001,0,0,4
61-539,0.001,0,0,0,0,-1
62-566,1.556146,2.33044,6.682291,-62.627353,-37.551725,1
62-567,0.283067,0.481264,1.08047,-67.480897,-38.984672,2
62-1084,0.001,0.001,0.001,0,0,2
62-1078,0.2001,0.340206,0.598059,-67.846901,-39.097879,3
62-1081,0.220717,0.375258,0.647349,-67.796533,-39.060344,3
62-539,1.058655,0,0,0,0,-1
66-664,0.178656,0.441411,0.50613,-42.066758,-18.919335,2
66-629,0.001,0.001,0.001,0,0,2
66-180,0.001,0.001,0.001,0,0,3
66-659,0.177507,0.363897,0.523788,-42.122463,-18.921709,3
66-660,0.188673,0.386788,0.756227,-41.877711,-18.929914,3
66-388,0.290578,0,0,0,0,-1
67-2,0.737693,0.923692,2.843649,-57.837611,-33.87991,1
67-3,0.001,0.001,0.001,0,0,1
67-664,0.001,0.001,0.001,0,0,2
67-629,0.354105,0.386108,1.03259,-59.223256,-34.099896,2
67-323,0.699912,0.876385,1.986138,-58.480277,-33.80565,3
67-324,0.001,0.001,0.001,0,0,3
67-393,0.001,0.001,0.001,0,0,3
67-128,0.001,0.001,0.001,0,0,1
67-180,0.001,0.001,0.001,0,0,1
67-394,0.001,0.001,0.001,0,0,3
67-659,0.001,0.001,0.001,0,0,3
67-389,0.001,0.001,0.001,0,0,3
67-4,0.001,0.001,0.001,0,0,3
67-1302,0.001,0.001,0.001,0,0,3
67-388,0.001,0,0,0,0,-1
68-662,0.526603,1.047569,2.421928,-57.020116,-32.668178,2
68-101,0.374991,0.745968,1.514093,-57.999347,-32.795074,3
68-460,0.753449,1.501081,3.189845,-56.497737,-32.066457,3
68-661,0.746942,1.485888,3.439838,-55.890452,-32.218028,3
68-62,0.663794,1.320482,3.098383,-56.262072,-32.457133,3
68-628,0.294518,0,0,0,0,-1
69-458,0.001,0.001,0.001,0,0,2
69-570,0.627881,0.684628,2.484033,-58.496477,-35.643427,2
69-977,0.001,0.001,0.001,0,0,3
69-62,0.001,0.001,0.001,0,0,3
69-336,0.001,0.001,0.001,0,0,4
69-540,0.580256,0,0,0,0,-1
71-569,0.241901,0.411273,0.957149,-76.19696,-43.011092,1
71-571,0.170637,0.290113,0.524271,-76.518218,-43.089123,1
71-1355,0.36057,0.455717,1.394276,-76.100901,-43.055958,2
71-101,0.201801,0.229244,0.641843,-76.702445,-42.996802,3
71-655,0.234637,0.398923,0.679596,-76.324957,-42.978494,3
71-1213,0.162405,0.276117,0.50291,-76.553681,-43.099493,3
71-798,0.822333,0.982255,3.663253,-73.585186,-42.662406,4
71-572,0.328099,0.403804,1.060311,-76.126236,-42.96106,1
71-540,0.272169,0,0,0,0,-1
72-21,0.1839,0.650598,0.646677,-101.471728,-59.160231,2
72-324,0.201556,0.71306,0.787153,-101.221241,-59.118789,2
72-630,0.488904,0.895229,1.55915,-100.967998,-58.843579,2
72-94,0.57415,0.987129,2.178651,-99.94626,-58.719414,3
72-664,0.001,0.001,0.001,0,0,3
72-304,0.870074,1.400625,3.584806,-99.136421,-58.684854,3
72-128,0.169678,0.600283,0.69824,-101.439743,-59.24647,4
72-323,0.532592,0.876385,1.511333,-101.242113,-58.671688,4
72-663,0.363583,1.016055,1.266679,-100.657376,-59.074809,4
72-570,0.912543,1.431026,2.739862,-100.171273,-58.442314,3
72-494,0.223,0.788925,1.006335,-100.712359,-59.073928,3
72-305,0.453918,1.236013,1.834842,-99.910568,-58.934751,4
72-309,0.423593,1.159099,1.746628,-100.006113,-59.015233,4
72-571,1.274789,1.942419,5.211232,-98.096457,-58.18076,4
72-655,1.402422,1.851687,5.718202,-98.778782,-57.334592,4
72-388,0.377178,1.090697,1.444512,-100.177859,-59.014108,4
72-62,0.510423,0.733929,1.609112,-101.041517,-58.991016,4
72-629,0.214465,0,0,0,0,-1
74-576,0.485861,1.004574,1.334592,-101.160741,-59.35578,2
74-656,0.566525,1.148262,1.982601,-100.009024,-59.560446,2
74-575,0.546139,1.111629,1.926646,-100.051613,-59.593572,3
74-317,0.751036,1.292647,2.605914,-99.614026,-59.293697,4
74-574,0.834765,1.405525,2.882896,-99.301632,-58.851561,4
74-578,0.001,0.566172,0.001,-101.790736,-59.863431,4
74-541,0.640571,0,0,0,0,-1
79-597,0.001,0.001,0.001,0,0,3
79-598,0.001,0.001,0.001,0,0,3
79-688,0.282382,0.580027,1.263601,-58.514554,-46.463725,4
79-708,0.001,0.001,0.001,0,0,4
79-713,0.001,0.001,0.001,0,0,4
79-544,0.460223,0,0,0,0,-1
80-594,0.196974,0.474524,0.548666,-67.693286,-32.868299,1
80-597,0.177366,0.427288,0.506159,-67.736597,-32.924206,1
80-596,0.001,0.001,0.001,0,0,3
80-598,0.198541,0.4783,0.551977,-67.690184,-32.862789,3
80-544,0.674325,0,0,0,0,-1
81-672,0.431678,1.188407,1.534999,-66.314743,-29.631479,1
81-799,0.46826,1.296094,2.137425,-64.98844,-29.689798,4
81-631,0.001,0,0,0,0,-1
82-676,0.001,0.001,0.001,0,0,2
82-677,0.475368,0.638899,1.676239,-66.954064,-36.11712,2
82-678,0.915891,1.008288,2.975814,-66.647235,-35.285687,3
82-679,0.001,0.001,0.001,0,0,3
82-205,0.001,0.001,0.001,0,0,3
82-632,0.001,0,0,0,0,-1
83-680,0.644133,0.725596,1.901834,-49.993584,-27.954521,2
83-681,0.261508,0.383643,0.763571,-50.66607,-28.31985,2
83-682,0.275714,0.304829,0.840205,-50.758493,-28.290603,2
83-683,2.702701,2.662885,12.574527,-43.652797,-24.400738,2
83-633,1.382555,0,0,0,0,-1
84-606,1.202999,1.341832,3.604819,-134.322715,-71.91884,2
84-406,0.918135,1.644926,3.850142,-132.89725,-73.010933,2
84-608,0.001,0.001,0.001,0,0,3
84-142,0.964533,1.572533,3.264884,-134.006096,-72.86695,3
84-294,0.718183,1.208998,2.854053,-134.154235,-73.299746,3
84-354,0.001,0.001,0.001,0,0,4
84-522,0.001,0.001,0.001,0,0,4
84-962,1.085091,1.684233,4.365078,-132.180413,-72.947569,3
84-1192,1.940612,2.549645,7.162734,-131.517085,-71.166562,3
84-1213,0.001,0.53365,0.001,-135.941401,0,3
84-873,0.001,0.001,0.001,0,0,4
84-546,0.679385,0,0,0,0,-1
85-608,0.366966,0.730003,1.082204,-92.805948,-49.73123,1
85-406,0.948014,1.962951,4.273186,-88.894982,-48.98886,2
85-606,0.001,0.335458,0.001,-93.559874,0,3
85-710,1.243326,1.799986,4.489433,-89.620336,-48.459788,3
85-546,0.001,0,0,0,0,-1
86-594,0.196974,0.474524,0.001,-110.434807,-62.476189,3
86-790,0.001,0.001,0.001,0,0,3
86-755,0.001,0,0,0,0,-1
87-606,0.234069,0.670916,0.701395,-84.29827,-51.972158,2
87-611,0.603513,1.200567,2.483513,-82.915776,-51.671332,2
87-562,1.048669,2.430489,4.617846,-79.357838,-51.262576,3
87-50,0.821852,1.857593,3.443803,-81.35567,-51.428018,4
87-236,0.219501,0.776546,0.99593,-83.612721,-51.835435,4
87-609,0.561702,0.454773,1.580419,-84.811198,-50.823457,4
87-612,0.186098,0.658376,0.7452,-84.200895,-51.933692,4
87-406,1.028275,2.246895,4.520634,-79.621103,-51.147337,4
87-547,1.026775,0,0,0,0,-1
93-691,0.177974,0.629634,0.722286,-101.375755,-59.055603,3
93-635,0.43737,0,0,0,0,-1
94-24,0.977488,1.426524,4.222231,-73.381873,-37.776576,1
94-283,1.952868,2.353873,8.195267,-71.189198,-36.419503,3
94-294,2.292012,2.555944,9.860744,-70.11226,-36.491694,3
94-559,1.971502,2.59598,7.818635,-71.692083,-35.939786,3
94-689,0.943829,1.266428,4.317402,-73.718756,-37.715147,4
94-690,1.413993,1.755015,4.931586,-73.590321,-37.107309,4
94-101,2.421404,2.686908,10.918986,-69.275896,-36.293803,4
94-1393,2.208006,2.520965,9.413148,-70.782031,-36.140703,3
94-354,3.025568,3.234161,12.391304,-69.910045,-34.975324,4
94-1104,1.883555,2.13914,8.425965,-70.98207,-36.824653,4
94-1161,1.461899,1.827424,5.630892,-73.118174,-36.888912,4
94-1395,1.327986,1.981103,5.215203,-73.04711,-36.686862,4
94-635,0.938203,0,0,0,0,-1
95-283,0.001,0.001,0.001,0,0,1
95-662,1.067247,1.694578,4.155094,-89.362956,-50.392223,4
95-635,0.001,0,0,0,0,-1
97-699,1.473437,1.400167,5.787408,-116.232735,-68.190228,3
97-700,1.638719,1.516779,5.630523,-116.815584,-67.794136,3
97-701,1.849839,1.588394,7.090956,-115.473514,-67.52562,3
97-698,1.05998,1.141823,4.366016,-117.060037,-69.045788,4
97-1289,1.353029,1.631569,5.873091,-115.767572,-69.129343,4
97-702,0.664688,0.704475,2.942228,-118.203823,-69.651658,3
97-703,0.001,0.001,0.001,0,0,3
97-779,0.637773,0.675949,2.860098,-118.299008,-69.739579,3
97-1339,3.167124,3.149729,12.852643,-112.013168,-67.067329,4
97-681,0.001,0.001,0.001,0,0,3
97-637,2.142308,0,0,0,0,-1
98-713,0.5751,0.651563,2.487891,-66.967043,-38.325834,2
98-708,0.557646,0.631788,1.978244,-67.298671,-38.201601,4
98-709,0.738959,0.736791,2.591417,-66.843573,-38.131921,4
98-711,0.444358,0.503438,1.677347,-67.447519,-38.618451,4
98-712,0.570741,0.646625,2.680941,-66.835422,-38.394045,4
98-638,0.583498,0,0,0,0,-1
99-717,1.504557,1.808977,6.670724,-131.866154,-69.805985,2
99-719,0.947337,1.355589,3.325664,-134.189724,-70.611194,2
99-1001,0.487221,0.531254,1.813956,-135.917453,-71.045604,3
99-1379,0.758469,1.19677,2.196812,-134.841632,-70.744595,3
99-639,0.001,0,0,0,0,-1
100-821,0.001,0.001,0.001,0,0,2
100-822,0.548709,0.613326,2.416672,-75.617143,-37.929359,2
100-824,0.001,0.001,0.001,0,0,2
100-820,0.18186,0.643383,0.827946,-75.485355,-38.279276,3
100-823,0.59444,0.664442,2.373663,-75.633538,-37.753842,3
100-825,0.362193,0.561259,1.118739,-75.848729,-38.010981,3
100-1122,0.646304,0.722414,2.932351,-75.236644,-37.69502,2
100-1051,1.466787,1.48746,5.887148,-73.335087,-36.517644,3
100-1121,0.6262,0.699943,2.649378,-75.451782,-37.699746,3
100-760,0.001,0,0,0,0,-1
101-817,0.001,0.001,0.001,0,0,2
101-818,0.581247,0.925833,1.962742,-109.498995,-59.601739,2
101-819,0.337625,0.398923,0.977889,-110.555225,-59.79036,2
101-820,0.001,0.001,0.001,0,0,3
101-825,0.385802,0.438268,1.505274,-110.463087,-59.721003,3
101-824,0.49291,0.656262,1.482938,-110.023386,-59.681267,2
101-760,0.001,0,0,0,0,-1
102-728,0.001,0.001,0.001,0,0,1
102-913,0.001,0.001,0.001,0,0,2
102-910,0.001,0.001,0.001,0,0,3
102-911,0.001,0.001,0.001,0,0,4
102-729,0.001,0,0,0,0,-1
103-826,0.328448,0.58163,1.215803,-118.655433,0,3
103-828,0.429833,0.001,1.328641,0,-63.756417,3
103-761,0.743311,0,0,0,0,-1
104-833,0.001,0.001,0.001,0,0,3
104-834,0.348249,0.508664,0.953554,-59.121873,-30.472956,3
104-835,0.32233,0.470806,0.899538,-59.147696,-30.599134,3
104-836,0.29344,0.362798,0.866395,-59.250045,-30.765111,3
104-837,0.001,0.001,0.001,0,0,3
104-762,0.001,0,0,0,0,-1
105-848,1.04627,1.053882,3.601907,-109.383994,-64.922704,3
105-844,1.44801,1.307026,6.039988,-108.078889,-64.373476,4
105-845,1.400665,1.375627,5.797085,-107.983055,-64.591847,4
105-846,1.187146,0.962983,4.977781,-109.040177,-64.924253,4
105-847,1.574847,1.495257,5.564669,-108.455791,-64.237785,4
105-764,1.569333,0,0,0,0,-1
106-847,0.165863,0.001,0.001,0,-33.852704,2
106-846,0.318451,0.786809,1.486759,-74.907088,-33.547963,3
106-849,0.001,0.001,0.001,0,0,3
106-844,0.001,0.001,0.001,0,0,4
106-845,0.220472,0.001,0.681492,0,-33.841506,4
106-764,0.001,0,0,0,0,-1
107-725,0.001,0.001,0.001,0,0,2
107-728,0.001,0.001,0.001,0,0,2
107-729,0.241106,0.001,0.715963,0,-62.567375,3
107-911,0.001,0.001,0.001,0,0,3
107-720,0.363929,0.001,1.101672,0,-62.480716,4
107-75,0.518392,0.784822,1.506626,-109.874557,-62.277184,4
107-909,0.292745,0.459995,0.82148,-110.454954,-62.500153,4
107-640,0.870699,0,0,0,0,-1
108-724,0.47452,0.71694,1.404305,-84.254473,-39.046205,2
108-726,0.267784,0.001,0.778798,0,-39.264609,2
108-727,0.606324,0.758845,2.175595,-83.97606,-38.965948,2
108-75,0.611344,0.784822,1.776776,-84.198976,-38.878554,3
108-909,0.001,0.001,0.001,0,0,3
108-720,0.363929,0.001,1.101672,0,-39.238773,4
108-723,0.249136,0.001,0.735153,0,-39.308399,4
108-640,0.309864,0,0,0,0,-1
109-860,0.227831,0.387352,0.66393,-93.459091,-59.180789,1
109-861,0.370833,0.387352,1.080659,-93.459091,-58.77743,1
109-606,0.352604,0.335458,1.056589,-93.559874,-58.893024,3
109-980,0.470098,0.447238,1.825722,-93.277037,-58.716545,3
109-12,0.460615,0.372929,1.35263,-93.484373,-58.439362,3
109-766,0.001,0,0,0,0,-1
110-862,0.001,0.001,0.001,0,0,1
110-863,0.368718,0.678189,1.463041,-67.058861,-35.46189,1
110-31,0.001,0.001,0.001,0,0,3
110-1174,0.001,0.001,0.001,0,0,4
110-766,0.605697,0,0,0,0,-1
111-15,0.197246,0.362798,0.582379,-50.686732,-22.463542,2
111-391,0.184214,0.387352,0.536826,-50.662619,-22.509279,2
111-864,0.001,0.001,0.001,0,0,2
111-914,0.001,0.001,0.001,0,0,3
111-392,0.001,0.001,0.001,0,0,3
111-627,0.282901,0.526599,1.055679,-50.286993,-22.363321,3
111-658,0.001,0.001,0.001,0,0,3
111-894,0.390618,0,0,0,0,-1
112-731,0.001,0.001,0.001,0,0,3
112-730,0.081627,0.266327,0.25417,-42.236716,-20.574432,4
112-641,0.001,0,0,0,0,-1
113-746,1.186356,1.960092,4.196409,-90.20746,-46.564589,3
113-748,1.098562,2.141378,4.228852,-89.261181,-46.575881,3
113-749,0.001,0.001,0.001,0,0,3
113-265,0.879334,1.194507,3.170798,-91.895794,-46.537834,3
113-643,0.001,0,0,0,0,-1
114-919,0.998514,1.608662,3.181837,-125.061111,-76.421776,1
114-916,0.764759,1.239626,2.492214,-125.788421,-76.705815,2
114-920,0.191682,0.678129,0.665523,-127.070595,-77.045104,3
114-921,1.451242,2.047284,6.392709,-123.393623,-75.607948,3
114-895,0.18678,0,0,0,0,-1
116-922,0.223413,0.551994,0.823374,-118.744925,-69.217177,1
116-360,0.966668,1.119365,3.910029,-117.27137,-68.166931,3
116-605,1.100441,1.778572,4.397752,-115.687044,-68.144583,3
116-927,0.575979,0.747347,1.878003,-117.92411,-68.971307,3
116-492,0.332257,0.820919,1.396939,-117.87907,-68.73413,4
116-896,0.686937,0,0,0,0,-1
118-923,0.248762,0.599286,1.024164,-144.287153,-87.012928,2
118-924,0.47156,0.755612,1.595546,-144.01994,-86.735082,3
118-925,0.984192,0.960423,2.733575,-143.924986,-84.932965,3
118-896,0.290754,0,0,0,0,-1
119-926,0.001,0.001,0.001,0,0,4
119-897,0.001,0,0,0,0,-1
120-829,1.156484,1.428266,4.172838,-99.652541,-53.638382,2
120-887,0.196166,0.402936,0.566973,-101.990741,-55.11169,2
120-890,0.001,0.001,0.001,0,0,2
120-885,0.001,0.001,0.001,0,0,3
120-886,0.001,0.001,0.001,0,0,3
120-888,0.189189,0.388605,0.001,-102.016084,-55.124629,3
120-889,0.001,0.398986,0.619721,-102.002315,0,4
120-1146,0.566633,0.52649,1.53787,-101.8282,-53.837585,2
120-891,0.882065,0.971137,2.660156,-100.771641,-53.952021,3
120-769,0.001,0,0,0,0,-1
121-885,0.681594,0.695188,2.683559,-67.03882,-52.652538,1
121-886,0.001,0.001,0.001,0,0,1
121-1146,0.516195,0.52649,1.40098,-67.654417,-52.903346,2
121-887,0.656287,0.669376,2.614665,-67.069631,-52.777759,1
121-888,0.745778,0.760652,3.219137,-66.681061,-52.482947,1
121-890,0.001,0.001,0.001,0,0,1
121-891,0.416276,0.323712,1.255417,-67.874241,-53.169828,1
121-769,0.985927,0,0,0,0,-1
122-931,0.001,0.001,0.001,0,0,4
122-932,0.280455,0.467146,0.784132,-84.797647,-40.720293,2
122-934,0.001,0.001,0.001,0,0,4
122-935,0.001,0.001,0.001,0,0,4
122-936,0.281899,0.34509,0.840307,-84.972399,-40.8845,2
122-937,0.001,0.001,0.001,0,0,2
122-938,0.001,0.001,0.001,0,0,2
122-957,0.001,0.001,0.001,0,0,3
122-1131,0.001,0.001,0.001,0,0,3
122-898,0.885262,0,0,0,0,-1
123-966,0.001,0.001,0.001,0,0,2
123-967,0.001,0.001,0.001,0,0,3
123-941,0.001,0,0,0,0,-1
126-974,0.15246,0.298767,0.466169,-67.921109,-42.335775,2
126-1326,0.001,0.001,0.001,0,0,2
126-187,0.001,0.001,0.001,0,0,3
126-969,0.799337,0.82808,2.296898,-67.057321,-41.4205,3
126-970,0.468098,0.763747,1.618213,-66.817973,-42.023121,3
126-971,0.177628,0.348088,0.52863,-67.83472,-42.296228,3
126-972,0.391453,0.611208,1.192395,-67.214383,-42.126424,3
126-973,0.001,0.001,0.001,0,0,3
126-942,0.001,0,0,0,0,-1
128-985,0.636718,1.380266,2.323433,-91.227989,-49.912045,3
128-990,1.148677,2.333399,4.671135,-88.516007,-49.127454,3
128-945,0.52299,0,0,0,0,-1
130-766,0.001,0.001,0.001,0,0,2
130-858,0.001,0.001,0.001,0,0,3
130-859,0.001,0.001,0.001,0,0,3
130-1008,0.308258,0.696531,1.212926,-49.931384,-25.801529,3
130-12,0.646861,0.745859,1.899556,-49.983262,-25.284607,3
130-948,0.001,0,0,0,0,-1
131-1014,0.001,0.001,0.001,0,0,2
131-1020,0.001,0.001,0.001,0,0,2
131-1013,0.001,0.001,0.001,0,0,3
131-1016,0.684336,0.609366,2.453483,-110.082162,-54.106537,3
131-1017,0.001,0.001,0.001,0,0,3
131-1012,0.001,0.001,0.001,0,0,4
131-1018,0.001,0.001,0.001,0,0,3
131-1019,1.041955,1.293691,4.736003,-108.026843,-53.868111,3
131-950,0.001,0,0,0,0,-1
132-1014,0.001,0.482138,0.001,-101.877194,0,1
132-1013,0.001,0.001,0.001,0,0,3
132-1015,0.001,0.001,0.001,0,0,3
132-1016,0.001,0.001,0.001,0,0,3
132-1012,0.001,0.001,0.001,0,0,4
132-1018,0.25142,0.367232,0.740566,-102.05744,-55.310324,4
132-1019,0.289497,0.422849,1.138582,-101.926337,-55.28627,4
132-1017,0.355851,0.519767,1.332391,-101.686329,-55.124276,3
132-951,0.392519,0.411207,1.129576,-101.976895,-55.030405,3
132-1023,0.32233,0.470806,0.899538,-101.891155,-55.094475,3
132-1020,0.001,0.001,0.001,0,0,4
132-952,0.001,0.001,0.001,0,0,4
132-1024,0.697022,1.07689,2.378992,-100.418374,-54.84527,4
132-1025,0.211377,0.001,0.642752,0,-55.387686,3
132-1026,0.001,0.001,0.001,0,0,3
132-950,0.001,0,0,0,0,-1
133-1020,1.409498,1.662049,4.440463,-125.245838,-72.54975,1
133-1018,1.084509,1.101696,3.194461,-126.358792,-72.329504,2
133-1019,1.420102,1.750754,5.030218,-124.216838,-72.330538,2
133-1024,0.701558,0.934464,2.696954,-126.431876,-73.436279,3
133-1012,0.624084,0.537191,2.316738,-127.339621,-73.464209,4
133-1016,0.270244,0.438193,0.76687,-127.592362,-73.900405,4
133-1022,0.343561,0.461762,0.963208,-127.551759,-73.834475,4
133-950,0.456953,0,0,0,0,-1
135-1018,0.001,0.001,0.001,0,0,1
135-1017,0.001,0.001,0.001,0,0,4
135-1023,0.001,0.001,0.001,0,0,4
135-1024,0.001,0.001,0.001,0,0,4
135-1025,0.279255,0.001,0.849155,0,-57.934085,4
135-1026,0.001,0.001,0.001,0,0,4
135-950,0.001,0.001,0.001,0,0,4
135-1016,0.001,0.001,0.001,0,0,4
135-951,0.001,0,0,0,0,-1
136-1021,0.001,0.001,0.001,0,0,1
136-1022,0.001,0.001,0.001,0,0,4
136-1034,0.001,0.001,0.001,0,0,4
136-951,0.001,0,0,0,0,-1
137-1029,0.001,0.001,0.001,0,0,2
137-1034,0.001,0.001,0.001,0,0,3
137-951,0.3544,0.411207,1.019878,-84.865221,-47.601236,3
137-1021,0.001,0.001,0.001,0,0,3
137-952,0.298952,0,0,0,0,-1
138-846,0.001,0.001,0.001,0,0,1
138-1036,0.196231,0.412619,0.564288,-59.196363,-28.602029,1
138-953,0.566717,0,0,0,0,-1
139-1031,0.1645,0.396293,0.477115,-42.096609,-24.270064,2
139-1032,0.001,0.001,0.001,0,0,2
139-1035,0.001,0.001,0.001,0,0,2
139-1037,0.001,0.001,0.001,0,0,4
139-953,0.199335,0,0,0,0,-1
140-1038,0.505914,0.418364,1.450468,-136.184841,-86.556988,1
140-1039,1.321328,1.284706,4.888581,-133.899228,-85.704145,1
140-1041,0.386177,0.777209,1.124627,-135.559347,-87.170887,2
140-1042,0.001,0.001,0.001,0,0,2
140-1043,0.735073,1.31346,2.645883,-134.232269,-86.759139,4
140-1044,0.999052,0.895229,3.526535,-135.221251,-85.726117,4
140-954,0.001,0,0,0,0,-1
141-1038,0.001,0.001,0.001,0,0,1
141-1041,0.340876,0.94831,1.122978,-126.594779,-73.098312,1
141-1043,1.124668,1.640697,3.818569,-124.968957,-71.934022,2
141-1044,1.053787,1.088394,3.111357,-126.370255,-71.698501,2
141-1039,0.799659,1.235468,2.879328,-125.424339,-72.812265,3
141-1042,0.001,0.001,0.001,0,0,3
141-954,0.507245,0,0,0,0,-1
142-1042,0.001,0.001,0.001,0,0,1
142-954,0.469447,0,0,0,0,-1
143-1043,0.192473,0.327238,0.579345,-50.727843,-26.403705,1
143-1044,0.001,0.001,0.001,0,0,1
143-954,1.186349,0,0,0,0,-1
145-763,0.242692,0.412619,0.697894,-67.752008,-32.323606,2
145-838,0.258677,0.439796,0.73344,-67.724246,-32.279703,2
145-839,0.001,0.001,0.001,0,0,2
145-1045,0.001,0.001,0.001,0,0,3
145-743,0.882445,0.913812,3.100768,-66.702513,-31.201328,3
145-852,0.001,0.001,0.001,0,0,4
145-841,0.37555,0.638501,1.328079,-67.292473,-31.95518,2
145-955,0.001,0,0,0,0,-1
146-840,0.001,0.001,0.001,0,0,1
146-1045,0.001,0.001,0.001,0,0,3
146-955,0.001,0,0,0,0,-1
147-889,0.684815,0.819601,2.82459,-117.98183,-71.19206,3
147-1046,0.001,0.001,0.001,0,0,3
147-1048,0.001,0.001,0.001,0,0,3
147-1047,0.234852,0.196618,0.761329,-119.922568,-71.545535,4
147-1049,0.001,0.001,0.001,0,0,4
147-1051,0.38694,0.744516,1.338548,-118.30691,-71.57578,4
147-1050,0.001,0.001,0.001,0,0,3
147-843,0.771392,0.930045,2.897927,-117.889586,-70.988898,3
147-926,0.001,0.001,0.001,0,0,4
147-822,0.225522,0.5433,0.953926,-118.743943,-71.652435,4
147-956,0.160272,0,0,0,0,-1
148-889,0.001,0.001,0.001,0,0,2
148-1048,0.001,0.001,0.001,0,0,2
148-1050,0.249057,0.446329,0.703792,-93.372268,-64.337018,2
148-1046,0.245411,0.439796,0.695827,-93.380769,-64.350166,3
148-1049,0.001,0.001,0.001,0,0,3
148-843,0.001,0.001,0.001,0,0,3
148-956,0.001,0,0,0,0,-1
149-1057,0.548644,0.719084,1.622733,-75.688679,-40.198355,3
149-1058,0.916591,0.873202,2.603143,-75.586749,-39.831373,3
149-1059,0.996438,0.927411,3.972091,-74.890148,-39.893596,3
149-1052,2.236356,2.012335,9.02087,-72.441646,-37.480011,4
149-930,2.117647,1.91604,7.82879,-72.602789,-37.618184,3
149-931,0.892317,0.797471,3.615025,-75.306086,-39.35652,3
149-934,2.472618,2.425426,10.811091,-70.865404,-37.979402,3
149-936,1.792698,1.635829,7.032301,-73.410112,-38.976077,3
149-937,1.699129,1.613433,6.399073,-73.656581,-39.046858,3
149-938,1.594255,1.624019,5.248674,-74.181322,-38.617162,3
149-1131,3.161579,3.429563,12.009175,-69.769876,-36.75651,3
149-957,1.939612,0,0,0,0,-1
150-1074,0.529773,0.831928,1.779862,-101.036557,-61.650905,3
150-1075,0.369574,0.759125,1.721269,-100.776054,-61.716755,3
150-1062,0.19357,0,0,0,0,-1
152-1076,0.001,0.001,0.001,0,0,1
152-1077,0.001,0.001,0.001,0,0,3
152-569,0.001,0.001,0.001,0,0,3
152-572,0.308554,0.201902,0.997147,-59.594376,-37.829513,3
152-687,0.001,0.001,0.001,0,0,4
152-655,0.001,0.001,0.001,0,0,3
152-1062,0.001,0,0,0,0,-1
153-1078,0.001,0.001,0.001,0,0,3
153-1083,0.001,0.001,0.001,0,0,3
153-1084,0.001,0.001,0.001,0,0,3
153-1080,0.865353,0.558405,3.179271,-41.69786,-26.47861,4
153-1081,0.001,0.001,0.001,0,0,4
153-1082,0.001,0.001,0.001,0,0,4
153-1085,0.001,0.001,0.001,0,0,3
153-1063,0.001,0,0,0,0,-1
154-1087,0.001,0.001,0.001,0,0,2
154-1088,0.001,0.001,0.001,0,0,3
154-1063,0.334497,0,0,0,0,-1
155-1103,0.653995,0.436601,1.857363,-67.727336,-42.036628,1
155-1100,0.270818,0.652419,1.087445,-67.091128,-43.056,2
155-983,0.176738,0.425774,0.504762,-67.738139,-43.234947,3
155-1101,0.001,0.001,0.001,0,0,3
155-1104,0.001,0.001,0.001,0,0,3
155-1099,0.189492,0.4565,0.532689,-67.708781,-43.201484,4
155-1065,0.001,0,0,0,0,-1
156-983,0.001,0.001,0.001,0,0,1
156-1102,0.001,0.001,0.001,0,0,1
156-1097,0.333558,0.540855,1.412593,-32.938882,-18.193413,2
156-1100,0.001,0.001,0.001,0,0,2
156-274,0.001,0.001,0.001,0,0,2
156-1096,0.001,0.001,0.001,0,0,3
156-1098,0.305997,0.496164,1.159273,-33.179771,-18.229435,3
156-1099,0.001,0.001,0.001,0,0,3
156-1103,0.001,0.001,0.001,0,0,4
156-982,0.001,0.001,0.001,0,0,4
156-1104,0.001,0.001,0.001,0,0,1
156-553,0.196466,0.318564,0.594186,-33.595093,-18.404152,2
156-1101,0.001,0.001,0.001,0,0,3
156-82,0.001,0.001,0.001,0,0,3
156-1065,0.001,0,0,0,0,-1
157-273,1.22624,1.595693,3.551655,-117.03335,-73.705448,2
157-1105,0.001,0.001,0.001,0,0,2
157-1106,0.001,0.001,0.001,0,0,2
157-93,0.001,0.001,0.001,0,0,3
157-161,0.915261,0.474524,2.549443,-118.983111,-72.519397,3
157-302,0.001,0.001,0.001,0,0,3
157-122,0.498212,0.548453,1.544429,-118.783302,-74.782088,4
157-666,0.568209,0.860291,1.938719,-118.13734,-74.734499,4
157-1107,0.001,0.001,0.001,0,0,2
157-556,0.632079,0.640524,1.909855,-118.617245,-74.538042,2
157-25,0.325464,0.41353,1.048799,-119.153071,-75.101793,2
157-1011,0.001,0.001,0.001,0,0,3
157-19,0.788695,0.923524,2.211186,-118.308951,-74.008916,3
157-35,0.544762,0.692167,1.623,-118.542805,-74.724547,3
157-1355,0.001,0.001,0.001,0,0,4
157-372,0.406779,0.65958,1.627971,-118.433084,-74.768713,2
157-410,0.001,0.001,0.001,0,0,2
157-456,0.928968,0.700483,3.430055,-118.385695,-73.519892,2
157-36,0.959448,0.892961,3.238585,-118.097298,-73.989083,3
157-44,0.001,0.001,0.001,0,0,3
157-215,0.694536,0.701955,2.726111,-118.344144,-74.192009,3
157-626,0.001,0.001,0.001,0,0,2
157-1151,0.513967,0.73898,1.512079,-118.484037,-74.844081,2
157-354,0.225791,0.366114,0.665475,-119.185213,-75.195579,3
157-369,0.170288,0.276117,0.527321,-119.468586,-75.288269,3
157-370,0.556944,0.782285,1.983455,-118.246207,-74.801808,3
157-421,0.203478,0.329933,0.611567,-119.281195,-75.237731,3
157-557,0.282618,0.365002,0.833457,-119.187888,-75.093292,3
157-605,0.500325,0.667191,1.50076,-118.577416,-74.853445,3
157-655,0.001,0.001,0.001,0,0,3
157-657,0.313039,0.404291,0.904125,-119.102031,-75.017551,3
157-689,0.251918,0.408478,0.998247,-119.149371,-75.189735,3
157-1307,0.001,0.001,0.001,0,0,3
157-318,0.428649,0.357404,1.269281,-119.206599,-74.697022,3
157-423,0.23219,0.376489,0.935757,-119.27905,-75.222143,3
157-1304,0.522116,0.719661,2.295323,-118.155987,-74.422848,3
157-160,0.001,0.001,0.001,0,0,3
157-482,0.001,0.001,0.001,0,0,3
157-572,0.790757,1.136339,3.409771,-116.886168,-74.611698,3
157-1006,0.260738,0,0,0,0,-1
158-302,0.001,0.001,0.001,0,0,1
158-1011,0.374925,0.463543,1.050186,-42.054187,-24.638713,1
158-552,0.241051,0.298026,0.737352,-42.191705,-24.968737,2
158-998,0.001,0.001,0.001,0,0,3
158-1009,0.001,0.001,0.001,0,0,3
158-1010,0.001,0.001,0.001,0,0,3
158-273,0.322659,0.398923,0.934542,-42.094688,-24.802524,4
158-556,0.001,0.001,0.001,0,0,4
158-1006,0.001,0,0,0,0,-1
160-1134,0.287896,0.249726,0.904957,-33.673086,-16.98634,3
160-1137,0.494438,0.428885,1.938524,-33.237055,-16.62404,3
160-1138,0.544902,0.472658,1.51925,-33.500845,-16.284109,3
160-1135,0.001,0.001,0.001,0,0,4
160-1136,0.001,0.001,0.001,0,0,4
160-1071,0.001,0,0,0,0,-1
161-54,0.809913,0.727733,2.95133,-92.594219,-49.489996,2
161-1386,0.21744,0.275484,0.673574,-93.721703,-50.332235,2
161-562,0.871266,1.115527,3.200587,-91.611325,-49.632823,3
161-336,0.001,0.001,0.001,0,0,3
161-55,0.446667,0.352168,1.326375,-93.524286,-49.799183,4
161-996,0.846223,1.104264,3.377862,-91.353568,-49.753499,4
161-489,0.001,0,0,0,0,-1
163-20,0.001,0.001,0.001,0,0,3
163-56,0.001,0.001,0.001,0,0,3
163-57,0.239602,0.57722,0.996933,-75.774166,-43.243004,3
163-492,0.001,0,0,0,0,-1
164-311,0.001,0.001,0.001,0,0,2
164-415,0.001,0.001,0.001,0,0,3
164-416,0.001,0.5088,1.041083,-110.272548,0,3
164-798,0.633315,1.229653,2.9105,-107.33104,-59.343119,3
164-316,0.516393,1.056992,1.843585,-109.17642,-59.21584,4
164-335,0.386543,0.812794,1.685254,-109.264951,-59.129224,4
164-1364,0.732667,1.241669,3.134335,-108.11655,-59.028686,3
164-1367,0.001,0.001,0.001,0,0,3
164-503,0.001,0,0,0,0,-1
165-71,0.001,0.001,0.001,0,0,1
165-72,0.467836,0.670143,1.677387,-84.09221,-44.169505,1
165-504,1.149424,0,0,0,0,-1
167-274,0.904648,1.381917,3.337484,-150.953905,-89.902716,2
167-82,0.001,0.001,0.001,0,0,3
167-509,0.001,0,0,0,0,-1
168-217,0.370858,1.133976,1.384123,-91.67998,-56.578677,1
168-774,0.001,0.785741,0.904406,-92.417642,-56.584165,1
168-750,0.001,0,0,0,0,-1
169-118,0.001,0.001,0.001,0,0,1
169-157,0.158402,0.269311,0.492401,-67.987163,-37.239143,1
169-774,0.001,0.001,0.001,0,0,1
169-775,0.001,0.001,0.001,0,0,1
169-750,0.001,0,0,0,0,-1
170-139,0.33232,0.354244,0.985716,-93.520091,-58.297406,2
170-238,0.001,0.001,0.001,0,0,2
170-239,0.001,0.001,0.001,0,0,3
170-904,0.299643,0.319411,0.905807,-93.597431,-58.374389,3
170-906,1.174504,0.964276,3.258992,-92.636518,-56.034025,3
170-672,0.436538,0.465338,1.221652,-93.348857,-57.955525,3
170-893,0.722021,0,0,0,0,-1
171-252,1.757338,1.976552,7.501745,-54.470939,-29.28358,1
171-431,2.178412,2.403712,9.172721,-54.288701,-28.879901,1
171-141,1.746616,1.880604,5.384849,-56.697972,-29.296006,4
171-516,1.360804,0,0,0,0,-1
173-367,0.529471,0.567636,1.936571,-118.712704,-67.321498,1
173-451,1.291599,1.17874,4.354652,-117.618514,-65.57465,1
173-532,0.001,0,0,0,0,-1
175-351,0.769182,0.64657,3.097,-127.023242,-80.556851,2
175-966,0.460107,0.523376,1.436456,-127.425684,-81.150462,2
175-967,1.095332,1.047297,3.257979,-126.407451,-80.344671,2
175-964,0.001,0.001,0.001,0,0,3
175-965,0.001,0.001,0.001,0,0,3
175-941,0.001,0,0,0,0,-1
176-582,0.558632,0.430348,1.591669,-76.286843,-45.956918,1
176-583,0.001,0.001,0.001,0,0,1
176-584,0.001,0.001,0.001,0,0,3
176-585,0.001,0.001,0.001,0,0,3
176-978,0.001,0.001,0.001,0,0,4
176-586,1.343139,1.294265,5.364572,-74.311782,-44.929091,1
176-982,0.711748,0.598291,2.931688,-75.736652,-46.259971,1
176-542,0.29933,0,0,0,0,-1
177-588,0.295409,0.731639,1.110718,-75.269613,-38.900794,2
177-589,0.444453,0.713128,1.483481,-75.450011,-38.604633,2
177-592,0.001,0.001,0.001,0,0,3
177-772,0.440982,1.069725,1.499485,-74.935204,-38.565876,3
177-590,0.448126,0.465338,1.254082,-76.250311,-38.427278,4
177-543,0.45658,0,0,0,0,-1
181-973,0.268123,0.400252,0.776043,-76.323228,-46.189162,2
181-974,0.39265,0.758845,1.447336,-75.399278,-46.129375,2
181-409,0.001,0.001,0.001,0,0,2
181-997,0.001,0.001,0.001,0,0,3
181-1061,0.067503,0.23881,0.213517,-76.667564,-46.501368,3
181-942,0.152526,0,0,0,0,-1
182-685,0.869482,1.354501,3.617179,-167.979105,-88.348467,1
182-686,0.648621,1.280157,2.104158,-168.45533,-88.685498,3
182-634,2.026305,0,0,0,0,-1
183-803,0.734621,1.09096,2.468076,-57.466302,-30.324165,1
183-808,0.001,0.001,0.001,0,0,1
183-802,0.854229,1.627578,3.215573,-56.476119,-30.446444,2
183-807,0.458437,0.641965,1.849801,-58.543516,-30.809863,3
183-811,0.587598,0.75416,2.367352,-57.990316,-30.759559,3
183-253,0.476265,0.666929,2.045717,-58.372417,-30.791927,3
183-804,0.245027,0.343119,0.731178,-59.2754,-31.158891,4
183-805,0.001,0.001,0.001,0,0,4
183-806,0.441805,0.652945,1.627368,-58.345248,-31.01196,4
183-809,0.249297,0.349099,0.741515,-59.267403,-31.153069,1
183-810,0.407634,0.570823,1.701315,-58.636655,-30.954996,4
183-1243,1.324567,1.241184,4.993446,-57.415373,-29.331252,4
183-1247,0.450561,0.831928,1.630822,-58.191425,-30.98271,4
183-758,0.001,0,0,0,0,-1
184-32,0.001,0.001,0.001,0,0,3
184-67,0.001,0.001,0.001,0,0,3
184-715,0.001,0.001,0.001,0,0,3
184-717,0.001,0.001,0.001,0,0,4
184-716,0.001,0.001,0.001,0,0,3
184-499,0.001,0.001,0.001,0,0,3
184-1379,1.329204,0.969252,4.214059,-58.11121,-36.232982,3
184-639,0.001,0,0,0,0,-1
187-838,0.293381,0.610914,1.05106,-92.975303,-53.04638,3
187-839,0.001,0.001,0.001,0,0,3
187-840,0.324894,0.604766,1.167356,-92.983798,-53.18506,3
187-743,0.260304,0.542036,0.964012,-93.081013,-53.198714,4
187-842,0.393909,0.724523,1.53044,-92.653579,-52.889064,3
187-1045,0.001,0.001,0.001,0,0,3
187-763,0.224333,0,0,0,0,-1
189-395,0.337513,0.691916,1.552639,-66.726921,-41.545835,2
189-866,0.001,0.001,0.001,0,0,2
189-869,1.120361,1.18612,4.256325,-65.35944,-40.020856,2
189-865,0.464952,0.62203,1.893713,-67.132424,-41.316837,3
189-868,0.880184,1.101694,3.261509,-66.359553,-40.62077,3
189-870,0.82517,0.956054,2.821118,-66.676457,-40.923373,3
189-867,0.001,0.001,0.001,0,0,4
189-872,0.001,0.001,0.001,0,0,3
189-873,0.163179,0.334524,0.48922,-67.856025,-41.833101,3
189-767,0.506301,0,0,0,0,-1
190-15,0.607548,0.895229,2.109077,-92.404685,-55.52386,1
190-391,0.001,0.387352,0.001,-93.459091,0,1
190-285,0.001,0.001,0.001,0,0,2
190-390,0.209919,0.386108,0.612137,-93.4612,-55.997236,3
190-864,0.001,0.001,0.001,0,0,3
190-894,0.789685,0,0,0,0,-1
196-51,1.849111,2.088363,8.270868,-88.742034,-51.267855,2
196-185,1.178864,1.484885,5.120175,-90.271246,-52.89228,2
196-874,0.941099,0.674993,4.469375,-92.517197,-53.037756,2
196-878,1.166681,0.83679,5.157059,-92.017818,-52.17207,3
196-879,1.746647,1.311858,5.904268,-91.889884,-50.6685,3
196-880,1.0021,0.718746,3.903561,-92.662099,-52.638751,3
196-12,0.676538,0.745859,1.986706,-92.791226,-53.084007,4
196-875,0.609633,0.528807,1.652687,-93.282611,-52.508509,2
196-876,1.200891,1.032427,5.00658,-91.791081,-52.768018,2
196-202,1.634469,1.373156,7.722907,-90.230424,-52.00516,3
196-746,1.069429,1.088394,3.15754,-92.117003,-53.116453,3
196-13,0.833706,1.134437,3.220475,-91.559488,-53.040334,3
196-184,0.001,0,0,0,0,-1
200-1134,0.554893,0.649375,2.031986,-101.30694,-57.261067,2
200-1137,0.2429,0.272981,0.753505,-102.313855,-57.486622,2
200-1138,0.420573,0.472658,1.172608,-101.888829,-56.980205,2
200-1071,0.001,0,0,0,0,-1
201-552,0.230759,0.298026,0.705872,-33.614734,-17.678405,2
201-625,0.001,0.001,0.001,0,0,2
201-1296,0.001,0.001,0.001,0,0,2
201-93,0.001,0.001,0.001,0,0,3
201-1151,0.286093,0.36949,0.84168,-33.555519,-17.570165,3
201-401,0.174005,0.225799,0.554542,-33.710784,-17.771088,3
201-110,0.171927,0.222045,0.549115,-33.7174,-17.763131,4
201-1391,0.224108,0.290815,0.688286,-33.622263,-17.70392,4
201-423,0.001,0.001,0.001,0,0,4
201-541,0.001,0.001,0.001,0,0,3
201-1295,0.395413,0.51311,1.485417,-33.167606,-17.410616,3
201-318,0.001,0.001,0.001,0,0,3
201-1304,0.261429,0.339245,0.781766,-33.577638,-17.640798,4
201-160,0.157441,0.204305,0.508082,-33.751772,-17.789935,4
201-369,0.212781,0.276117,0.658907,-33.638777,-17.720637,4
201-482,0.001,0.001,0.001,0,0,4
201-1140,0.001,0,0,0,0,-1
202-1303,0.001,0.001,0.001,0,0,2
202-1304,0.261429,0.339245,0.781766,-33.577638,-17.22162,2
202-1309,0.215755,0.279976,0.666667,-33.63428,-17.297167,2
202-1306,0.001,0.001,0.001,0,0,3
202-1308,0.001,0.001,0.001,0,0,3
202-605,0.001,0.001,0.001,0,0,3
202-602,0.001,0.001,0.001,0,0,4
202-603,0.001,0.001,0.001,0,0,4
202-604,0.001,0.001,0.001,0,0,4
202-1110,0.198572,0.321978,0.599428,-33.592063,-17.31162,2
202-1305,0.001,0.001,0.001,0,0,4
202-1310,0.149659,0.242667,0.472335,-33.68347,-17.379791,4
202-48,0.001,0.001,0.001,0,0,4
202-232,0.001,0.001,0.001,0,0,4
202-1285,0.001,0,0,0,0,-1
203-58,0.562366,1.091824,1.824333,-100.404779,-59.601269,3
203-1305,0.001,0.001,0.001,0,0,3
203-1306,0.001,0.001,0.001,0,0,3
203-602,0.001,0.348088,0.001,-102.098653,0,4
203-603,0.001,0.001,0.001,0,0,4
203-604,0.001,0.001,0.001,0,0,4
203-1307,0.35456,0.820797,1.490056,-100.796114,-59.892773,3
203-1310,0.394636,0.900499,1.731279,-100.490793,-59.80518,3
203-19,0.001,0.001,0.001,0,0,3
203-232,1.397399,1.782425,5.477196,-98.034943,-57.687787,4
203-323,0.001,0.001,0.001,0,0,4
203-688,0.361045,0.836686,1.509892,-100.767115,-59.88038,4
203-122,0.342703,0.805518,1.361085,-100.923069,-59.910761,3
203-1188,0.828001,0.645685,2.498299,-101.467062,-58.766163,4
203-1285,0.232857,0,0,0,0,-1
204-572,0.37207,0.704864,1.641416,-40.759932,-21.468553,2
204-1311,0.001,0.001,0.001,0,0,2
204-63,0.109868,0.35847,0.325145,-42.127237,-21.722497,3
204-540,0.277899,0.602024,0.848658,-41.494788,-21.588063,3
204-602,0.106686,0.348088,0.317502,-42.13677,-21.728982,4
204-603,0.088067,0.287339,0.270999,-42.205814,-21.760406,4
204-604,0.001,0.001,0.001,0,0,4
204-1305,0.001,0.001,0.001,0,0,4
204-1188,0.001,0.001,0.001,0,0,4
204-307,0.380811,0.881792,1.252427,-41.030532,-21.398819,4
204-1213,0.266885,0.432745,1.044273,-41.816292,-21.564985,4
204-655,0.174801,0.570329,0.638512,-41.689223,-21.568391,4
204-1355,0.001,0.001,0.001,0,0,4
204-68,0.202155,0.65958,0.809046,-41.406341,-21.470192,4
204-1285,0.001,0,0,0,0,-1
205-1321,0.105228,0.25999,0.328838,-59.423023,-32.325873,2
205-1322,0.082727,0.269916,0.257073,-59.400816,-32.304725,2
205-1287,0.001,0,0,0,0,-1
206-1338,0.284834,0.001,0.001,0,-123.096493,2
206-1341,0.545362,0.578829,1.676242,-195.935963,-122.752962,2
206-1340,0.001,0.001,0.001,0,0,3
206-1290,0.487497,0,0,0,0,-1
208-163,0.28946,0.408609,0.934123,-76.114774,-39.793278,3
208-1344,0.320725,0.288719,0.986173,-76.521602,-39.617759,3
208-1345,0.001,0.001,0.001,0,0,3
208-164,0.504945,0.488292,1.592295,-75.956092,-39.542668,4
208-1347,0.001,0.001,0.001,0,0,4
208-1346,0.161309,0.388605,0.469764,-76.338776,-39.881473,3
208-1291,0.749208,0,0,0,0,-1
209-1351,0.546574,0.999741,1.997897,-100.27055,-53.922907,2
209-1356,0.57364,0.999018,2.311477,-100.052134,-53.749089,2
209-1350,1.257248,2.124316,4.55959,-98.450963,-52.696138,3
209-187,0.630214,1.366367,2.628993,-99.296492,-53.926952,3
209-487,0.220376,0.544492,0.815164,-101.638205,-54.226804,3
209-45,0.292435,0.497191,1.107325,-101.73426,-54.08855,4
209-55,0.423422,1.037151,1.615086,-100.480069,-54.008645,4
209-316,0.235069,0.566298,0.860335,-101.599106,-54.148072,4
209-1383,0.001,0.001,0.512861,0,-54.272404,3
209-1385,0.001,0.001,0.001,0,0,3
209-1106,0.99101,1.486529,3.683933,-99.609174,-53.308742,4
209-1228,0.379588,0.383643,1.10835,-102.025286,-53.783052,4
209-1292,0.747887,0,0,0,0,-1
210-1171,0.305535,0.754896,1.261178,-41.154329,-25.369946,2
210-891,0.320929,0.79293,1.472669,-40.657393,-25.368074,3
210-1172,0.443314,0.650931,1.335674,-41.466427,-25.496455,3
210-1173,0.790287,1.025261,3.194506,-40.529236,-24.913853,3
210-1030,0.001,0.001,0.001,0,0,4
210-1174,0.001,0.001,0.001,0,0,3
210-1145,0.315451,0,0,0,0,-1
211-891,0.721173,0.81281,2.605167,-66.775629,-35.043654,2
211-1172,1.700735,1.727432,7.080778,-64.31586,-33.694027,2
211-1173,1.839805,1.91913,7.63032,-64.031104,-33.438203,3
211-1174,1.261276,1.079988,4.069828,-66.611717,-33.485141,3
211-763,1.048692,0.996808,3.507787,-66.653396,-34.53053,3
211-769,1.729491,1.739191,6.201203,-65.243973,-33.487499,4
211-1030,0.42689,0.504395,1.171373,-67.669988,-35.037437,4
211-1031,0.379393,0.396293,1.100389,-67.770462,-35.244399,4
211-1033,0.001,0.001,0.001,0,0,4
211-1052,0.927091,0.828549,4.112507,-66.370331,-34.138407,4
211-1068,1.216858,1.140224,4.874751,-65.864391,-34.140368,4
211-1145,1.470303,0,0,0,0,-1
212-888,0.535836,0.559705,1.967399,-84.492414,-60.370807,2
212-889,1.470549,1.538944,6.645679,-81.486622,-59.201263,2
212-1178,0.723634,0.755868,3.130177,-83.808851,-59.878471,2
212-885,1.604309,1.537001,6.698153,-82.065657,-58.046852,3
212-887,2.509227,1.973483,9.777237,-81.475562,-56.335103,3
212-886,0.727496,0.633453,2.57877,-84.396055,-59.753623,3
212-841,1.445032,1.364482,5.398932,-83.00395,-58.545503,4
212-1176,0.001,0.001,0.001,0,0,4
212-1177,0.634936,0.66322,2.536804,-84.193217,-60.140335,4
212-890,2.051909,1.691627,7.713444,-81.942342,-57.446027,3
212-769,2.170982,1.739191,7.478532,-82.34948,-56.900917,3
212-891,1.023693,1.60574,4.033671,-81.720251,-59.710721,3
212-1173,1.380834,1.539469,5.411761,-82.262445,-59.318393,3
212-843,1.40445,1.528336,5.623538,-82.226426,-59.268822,3
212-1146,0.504038,0,0,0,0,-1
213-888,0.535836,0.559705,1.967399,-58.815106,-28.77582,1
213-885,1.583783,1.537001,6.617336,-56.406239,-26.829905,2
213-887,1.595897,1.531637,6.846741,-56.343587,-27.022421,2
213-889,1.767872,2.016169,8.250986,-54.207313,-27.487424,2
213-1178,0.723634,0.755868,3.130177,-58.128668,-28.283485,3
213-769,1.361316,1.30417,5.154721,-57.384367,-27.639934,3
213-1173,1.365651,1.539469,5.354756,-56.563352,-27.977947,3
213-1177,0.634936,0.66322,2.536804,-58.519364,-28.545348,4
213-886,0.938008,0.838305,4.044915,-57.900357,-27.74463,3
213-890,1.603167,1.533253,7.103631,-56.029832,-27.046007,3
213-843,1.674259,1.928458,7.094538,-55.379343,-27.563181,3
213-1146,0.504038,0,0,0,0,-1
214-833,0.001,0.001,0.001,0,0,3
214-1361,0.905085,0.509845,3.405589,-135.975397,-84.466935,3
214-1362,0.001,0.001,0.001,0,0,3
214-1363,3.299264,2.334711,12.029167,-131.908426,-80.234827,3
214-1294,0.600258,0,0,0,0,-1
215-37,0.567762,1.161729,1.862449,-100.345688,-57.858207,4
215-35,0.992028,1.819937,3.425255,-98.92517,-57.33826,4
215-535,0.001,0,0,0,0,-1
216-156,0.001,0.001,0.001,0,0,1
216-506,0.410076,0,0,0,0,-1
217-666,0.188159,0.346083,0.560578,-76.404131,-49.338149,1
217-667,0.001,0.001,0.001,0,0,1
217-1258,0.743848,0.953189,3.01071,-74.862979,-48.806182,2
217-1394,0.200885,0.36949,0.590998,-76.366352,-49.318758,2
217-668,0.001,0.001,0.001,0,0,3
217-670,0.001,0.001,0.001,0,0,3
217-1204,0.695982,0.476524,3.043362,-75.996026,-48.003137,3
217-1391,0.816218,0.741406,3.037094,-75.417914,-47.932433,4
217-1395,0.402294,0.449669,1.134868,-76.265985,-49.109158,1
217-1300,0.762992,0.778587,3.05412,-75.153496,-48.879976,3
217-37,0.001,0.001,0.001,0,0,3
217-559,0.229051,0.421297,0.655692,-76.297254,-49.264712,3
217-630,0.197246,0.362798,0.582379,-76.376671,-49.324567,3
217-1107,0.001,0.001,0.001,0,0,3
217-1213,0.001,0.001,0.001,0,0,3
217-1191,0.565273,0,0,0,0,-1
218-24,0.200569,0.411978,0.793314,-59.018862,-31.579353,1
218-101,0.193521,0.229244,0.615509,-59.503424,-31.502793,1
218-666,0.001,0.001,0.001,0,0,3
218-667,0.289364,0.594369,1.285978,-58.488449,-31.445361,3
218-93,0.001,0.001,0.001,0,0,3
218-1258,0.805729,1.116527,3.381714,-57.30961,-30.975876,4
218-1393,0.001,0.001,0.001,0,0,1
218-559,0.001,0.001,0.001,0,0,3
218-630,0.449462,0.532431,1.672408,-58.84458,-30.979907,3
218-662,0.001,0.001,0.001,0,0,3
218-1104,0.724759,0.982804,3.248371,-57.293294,-31.143219,3
218-1107,0.637941,0.52973,2.716436,-58.701123,-30.843199,3
218-1204,0.17855,0.232797,0.566728,-59.493102,-31.54945,3
218-1213,0.259804,0.53365,1.104145,-58.694572,-31.497116,3
218-1300,0.348279,0.389294,1.3941,-59.063059,-31.499473,3
218-1191,1.104159,0,0,0,0,-1
219-1391,0.400195,0.551611,1.68591,-75.823379,-44.74258,1
219-666,0.493847,0.692167,1.471309,-75.710984,-44.765707,2
219-667,0.001,0.001,0.001,0,0,2
219-1258,0.001,0.001,0.001,0,0,2
219-1078,0.24682,0.340206,0.737695,-76.414407,-45.019363,3
219-1080,0.281025,0.387352,0.818945,-76.340502,-44.936926,3
219-1081,0.001,0.001,0.001,0,0,3
219-1394,0.001,0.001,0.001,0,0,2
219-1395,0.001,0.001,0.001,0,0,2
219-1214,0.001,0.001,0.001,0,0,3
219-1198,0.488047,0.652945,1.768341,-75.527251,-44.844348,3
219-1204,0.163297,0.232797,0.518314,-76.689173,-45.191275,3
219-1300,0.198422,0.241691,0.626587,-76.657574,-45.125768,3
219-559,0.001,0.001,0.001,0,0,3
219-630,0.523515,0.362798,1.545702,-76.376671,-44.094819,3
219-662,0.001,0.001,0.001,0,0,3
219-1107,0.637941,0.52973,2.716436,-75.868957,-44.445971,3
219-1213,0.001,0.001,0.001,0,0,3
219-1191,0.264008,0,0,0,0,-1
223-400,0.001,0.001,0.001,0,0,3
223-1387,0.001,0.001,0.001,0,0,3
223-1392,0.340303,0.45588,1.083177,-84.614332,-40.751209,3
223-1398,0.708431,0.593111,2.168801,-84.387177,-39.910714,3
223-1396,0.332524,0,0,0,0,-1
224-656,0.305762,0.547205,0.948179,-67.283543,-35.216821,3
224-1313,0.619362,1.015691,2.937036,-65.010911,-34.974073,3
224-1317,0.529552,0.683917,1.833739,-67.253626,-34.206954,3
224-1316,0.295781,0.606364,1.307011,-67.049914,-35.126309,4
224-1318,0.339764,0.696531,1.336895,-67.037277,-34.910736,3
224-1319,0.241759,0.597323,1.072901,-67.067881,-35.234255,3
224-1157,0.382788,0.775439,1.316598,-66.807408,-35.1521,3
224-1274,0.243575,0.60181,1.078652,-67.058903,-35.230342,3
224-1286,0.001,0,0,0,0,-1
225-1379,0.001,0.001,0.001,0,0,2
225-1305,0.001,0.001,0.001,0,0,2
225-1304,0.530679,1.017736,1.58692,-66.462128,-28.287223,2
225-40,1.208144,2.325642,4.841309,-63.284074,-27.450267,3
225-293,1.101181,2.152228,4.121649,-63.943685,-27.617325,3
225-1309,0.68113,1.483608,2.823344,-64.848191,-28.168757,3
225-161,0.001,0.001,0.001,0,0,4
225-421,0.495601,1.041077,1.894698,-66.07186,-28.143441,4
225-1377,0.001,0.001,0.001,0,0,4
225-1378,0.280288,0.692517,1.104888,-67.041907,-28.284669,3
225-1381,1.269248,2.695109,5.659767,-60.803968,-27.663302,3
225-225,0.905002,1.385707,4.100719,-64.316747,-27.963874,3
225-1380,0.451577,0.716429,1.428374,-66.685635,-28.364678,4
225-448,1.053544,1.393955,3.813118,-65.631398,-26.920135,3
225-449,0.545165,1.008288,1.842198,-66.647235,-27.97868,3
225-1124,0.300347,0.742079,1.246851,-66.829556,-28.216546,3
225-1280,0.99934,1.374277,4.162318,-64.948618,-27.815901,3
225-433,1.009243,1.454918,4.702098,-63.755682,-27.678145,3
225-923,0.863744,1.376549,3.813616,-65.086475,-27.776941,3
225-924,1.481945,2.492346,6.576679,-61.883868,-27.050464,3
225-1062,1.705528,2.731562,6.449693,-62.932644,-26.648809,3
225-1074,1.370387,2.246715,5.149066,-63.428247,-27.457529,3
225-1075,1.192323,1.989364,5.046222,-63.193531,-27.555233,3
225-1213,0.998471,2.017924,4.142045,-63.36553,-27.880461,3
225-1188,1.494131,0,0,0,0,-1
